{"key":"14633","value":"{\"user_id\": 14633, \"update_type\": \"new\", \"timestamp\": 1678538830.0, \"dob\": \"09/04/1997\", \"sex\": \"F\", \"gender\": \"F\", \"first_name\": \"Hannah\", \"last_name\": \"Fuller\", \"address\": {\"street_address\": \"81346 Obrien Streets\", \"city\": \"Gardena\", \"state\": \"CA\", \"zip\": 90249}}","topic":"user_info","partition":0,"offset":12848,"timestamp":1678538830}
{"key":"14508","value":"{\"user_id\": 14508, \"update_type\": \"new\", \"timestamp\": 1678539025, \"dob\": \"01/28/1936\", \"sex\": \"M\", \"gender\": \"M\", \"first_name\": \"Justin\", \"last_name\": \"Eaton\", \"address\": {\"street_address\": \"04952 Lori Plain\", \"city\": \"Sierra Madre\", \"state\": \"CA\", \"zip\": 91024}}","topic":"user_info","partition":0,"offset":12782,"timestamp":1678539025}
{"key":"13937","value":"{\"user_id\": 13937, \"update_type\": \"new\", \"timestamp\": 1678539037.0, \"dob\": \"04/26/1982\", \"sex\": \"M\", \"gender\": \"M\", \"first_name\": \"Matthew\", \"last_name\": \"Johnson\", \"address\": {\"street_address\": \"9231 Edward Throughway Suite 072\", \"city\": \"Toluca Lake\", \"state\": \"CA\", \"zip\": 91610}}","topic":"user_info","partition":0,"offset":12801,"timestamp":1678539037}
{"key":"14232","value":"{\"user_id\": 14232, \"update_type\": \"new\", \"timestamp\": 1678539087, \"dob\": \"01/04/1979\", \"sex\": \"M\", \"gender\": \"M\", \"first_name\": \"Edward\", \"last_name\": \"Simpson\", \"address\": {\"street_address\": \"92012 Bradley Shoals\", \"city\": \"Long Beach\", \"state\": \"CA\", \"zip\": 90815}}","topic":"user_info","partition":0,"offset":12771,"timestamp":1678539087}
{"key":"14232","value":"{\"user_id\": 14232, \"update_type\": \"update\", \"timestamp\": 1678539098.0, \"dob\": \"01/04/1979\", \"sex\": \"M\", \"gender\": \"M\", \"first_name\": \"Edward\", \"last_name\": \"Smith\", \"address\": {\"street_address\": \"41444 Noble Cape Suite 390\", \"city\": \"North Hollywood\", \"state\": \"CA\", \"zip\": 91606}}","topic":"user_info","partition":0,"offset":12829,"timestamp":1678539098}
{"key":"15149","value":"{\"user_id\": 15149, \"update_type\": \"new\", \"timestamp\": 1678539102, \"dob\": \"03/30/1972\", \"sex\": \"M\", \"gender\": \"M\", \"first_name\": \"Cameron\", \"last_name\": \"Vasquez\", \"address\": {\"street_address\": \"95932 Gary Ridges\", \"city\": \"Los Angeles\", \"state\": \"CA\", \"zip\": 90018}}","topic":"user_info","partition":0,"offset":12773,"timestamp":1678539102}