{"key":"12474","value":"{\"user_id\": 12474, \"update_type\": \"new\", \"timestamp\": 1678451168.0, \"dob\": \"07/25/1939\", \"sex\": \"M\", \"gender\": \"M\", \"first_name\": \"Matthew\", \"last_name\": \"Phillips\", \"address\": {\"street_address\": \"02648 Wilkins Cliffs Suite 998\", \"city\": \"San Fernando\", \"state\": \"CA\", \"zip\": 91340}}","topic":"user_info","partition":0,"offset":12791,"timestamp":1678451168}
{"key":"12140","value":"{\"user_id\": 12140, \"update_type\": \"new\", \"timestamp\": 1678451529, \"dob\": \"02/02/1999\", \"sex\": \"M\", \"gender\": \"M\", \"first_name\": \"Robert\", \"last_name\": \"Clark\", \"address\": {\"street_address\": \"68994 Steven Vista\", \"city\": \"Pearblossom\", \"state\": \"CA\", \"zip\": 93553}}","topic":"user_info","partition":0,"offset":12755,"timestamp":1678451529}
{"key":"12140","value":"{\"user_id\": 12140, \"update_type\": \"update\", \"timestamp\": 1678451625.0, \"dob\": \"02/02/1999\", \"sex\": \"M\", \"gender\": \"M\", \"first_name\": \"Robert\", \"last_name\": \"Castillo\", \"address\": {\"street_address\": \"68994 Steven Vista\", \"city\": \"Pearblossom\", \"state\": \"CA\", \"zip\": 93553}}","topic":"user_info","partition":0,"offset":12850,"timestamp":1678451625}
{"key":"13559","value":"{\"user_id\": 13559, \"update_type\": \"new\", \"timestamp\": 1678451631, \"dob\": \"03/06/1980\", \"sex\": \"F\", \"gender\": \"F\", \"first_name\": \"Victoria\", \"last_name\": \"Smith\", \"address\": {\"street_address\": \"88788 Dawson Lodge\", \"city\": \"Los Angeles\", \"state\": \"CA\", \"zip\": 90065}}","topic":"user_info","partition":0,"offset":12760,"timestamp":1678451631}
{"key":"13559","value":"{\"user_id\": 13559, \"update_type\": \"update\", \"timestamp\": 1678451650.0, \"dob\": \"03/06/1980\", \"sex\": \"F\", \"gender\": \"F\", \"first_name\": \"Victoria\", \"last_name\": \"Smith\", \"address\": {\"street_address\": \"634 Acevedo Mountain\", \"city\": \"Santa Monica\", \"state\": \"CA\", \"zip\": 90405}}","topic":"user_info","partition":0,"offset":12841,"timestamp":1678451650}
{"key":"11745","value":"{\"user_id\": 11745, \"update_type\": \"new\", \"timestamp\": 1678451681.0, \"dob\": \"06/29/1955\", \"sex\": \"F\", \"gender\": \"F\", \"first_name\": \"Shannon\", \"last_name\": \"Reyes\", \"address\": {\"street_address\": \"3105 Bowers Expressway\", \"city\": \"Long Beach\", \"state\": \"CA\", \"zip\": 90808}}","topic":"user_info","partition":0,"offset":12816,"timestamp":1678451681}
{"key":"12227","value":"{\"user_id\": 12227, \"update_type\": \"new\", \"timestamp\": 1678452028.0, \"dob\": \"12/11/1949\", \"sex\": \"F\", \"gender\": \"F\", \"first_name\": \"Courtney\", \"last_name\": \"Sheppard\", \"address\": {\"street_address\": \"47754 Angela Plaza Apt. 135\", \"city\": \"Los Angeles\", \"state\": \"CA\", \"zip\": 90010}}","topic":"user_info","partition":0,"offset":12820,"timestamp":1678452028}



