{"date":"2023-01-01","dayofmonth":"1","dayofweek":"1","dayofyear":"1","month":"1","week":"1","year":"2023","week_part":"2023-1"}
{"date":"2023-01-02","dayofmonth":"2","dayofweek":"2","dayofyear":"2","month":"1","week":"1","year":"2023","week_part":"2023-1"}
{"date":"2023-01-03","dayofmonth":"3","dayofweek":"3","dayofyear":"3","month":"1","week":"1","year":"2023","week_part":"2023-1"}
{"date":"2023-01-04","dayofmonth":"4","dayofweek":"4","dayofyear":"4","month":"1","week":"1","year":"2023","week_part":"2023-1"}
{"date":"2023-01-05","dayofmonth":"5","dayofweek":"5","dayofyear":"5","month":"1","week":"1","year":"2023","week_part":"2023-1"}
{"date":"2023-01-06","dayofmonth":"6","dayofweek":"6","dayofyear":"6","month":"1","week":"1","year":"2023","week_part":"2023-1"}
{"date":"2023-01-07","dayofmonth":"7","dayofweek":"7","dayofyear":"7","month":"1","week":"1","year":"2023","week_part":"2023-1"}
{"date":"2023-01-08","dayofmonth":"8","dayofweek":"1","dayofyear":"8","month":"1","week":"2","year":"2023","week_part":"2023-2"}
{"date":"2023-01-09","dayofmonth":"9","dayofweek":"2","dayofyear":"9","month":"1","week":"2","year":"2023","week_part":"2023-2"}
{"date":"2023-01-10","dayofmonth":"10","dayofweek":"3","dayofyear":"10","month":"1","week":"2","year":"2023","week_part":"2023-2"}
{"date":"2023-01-11","dayofmonth":"11","dayofweek":"4","dayofyear":"11","month":"1","week":"2","year":"2023","week_part":"2023-2"}
{"date":"2023-01-12","dayofmonth":"12","dayofweek":"5","dayofyear":"12","month":"1","week":"2","year":"2023","week_part":"2023-2"}
{"date":"2023-01-13","dayofmonth":"13","dayofweek":"6","dayofyear":"13","month":"1","week":"2","year":"2023","week_part":"2023-2"}
{"date":"2023-01-14","dayofmonth":"14","dayofweek":"7","dayofyear":"14","month":"1","week":"2","year":"2023","week_part":"2023-2"}
{"date":"2023-01-15","dayofmonth":"15","dayofweek":"1","dayofyear":"15","month":"1","week":"3","year":"2023","week_part":"2023-3"}
{"date":"2023-01-16","dayofmonth":"16","dayofweek":"2","dayofyear":"16","month":"1","week":"3","year":"2023","week_part":"2023-3"}
{"date":"2023-01-17","dayofmonth":"17","dayofweek":"3","dayofyear":"17","month":"1","week":"3","year":"2023","week_part":"2023-3"}
{"date":"2023-01-18","dayofmonth":"18","dayofweek":"4","dayofyear":"18","month":"1","week":"3","year":"2023","week_part":"2023-3"}
{"date":"2023-01-19","dayofmonth":"19","dayofweek":"5","dayofyear":"19","month":"1","week":"3","year":"2023","week_part":"2023-3"}
{"date":"2023-01-20","dayofmonth":"20","dayofweek":"6","dayofyear":"20","month":"1","week":"3","year":"2023","week_part":"2023-3"}
{"date":"2023-01-21","dayofmonth":"21","dayofweek":"7","dayofyear":"21","month":"1","week":"3","year":"2023","week_part":"2023-3"}
{"date":"2023-01-22","dayofmonth":"22","dayofweek":"1","dayofyear":"22","month":"1","week":"4","year":"2023","week_part":"2023-4"}
{"date":"2023-01-23","dayofmonth":"23","dayofweek":"2","dayofyear":"23","month":"1","week":"4","year":"2023","week_part":"2023-4"}
{"date":"2023-01-24","dayofmonth":"24","dayofweek":"3","dayofyear":"24","month":"1","week":"4","year":"2023","week_part":"2023-4"}
{"date":"2023-01-25","dayofmonth":"25","dayofweek":"4","dayofyear":"25","month":"1","week":"4","year":"2023","week_part":"2023-4"}
{"date":"2023-01-26","dayofmonth":"26","dayofweek":"5","dayofyear":"26","month":"1","week":"4","year":"2023","week_part":"2023-4"}
{"date":"2023-01-27","dayofmonth":"27","dayofweek":"6","dayofyear":"27","month":"1","week":"4","year":"2023","week_part":"2023-4"}
{"date":"2023-01-28","dayofmonth":"28","dayofweek":"7","dayofyear":"28","month":"1","week":"4","year":"2023","week_part":"2023-4"}
{"date":"2023-01-29","dayofmonth":"29","dayofweek":"1","dayofyear":"29","month":"1","week":"5","year":"2023","week_part":"2023-5"}
{"date":"2023-01-30","dayofmonth":"30","dayofweek":"2","dayofyear":"30","month":"1","week":"5","year":"2023","week_part":"2023-5"}
{"date":"2023-01-31","dayofmonth":"31","dayofweek":"3","dayofyear":"31","month":"1","week":"5","year":"2023","week_part":"2023-5"}
{"date":"2023-02-01","dayofmonth":"1","dayofweek":"4","dayofyear":"32","month":"2","week":"5","year":"2023","week_part":"2023-5"}
{"date":"2023-02-02","dayofmonth":"2","dayofweek":"5","dayofyear":"33","month":"2","week":"5","year":"2023","week_part":"2023-5"}
{"date":"2023-02-03","dayofmonth":"3","dayofweek":"6","dayofyear":"34","month":"2","week":"5","year":"2023","week_part":"2023-5"}
{"date":"2023-02-04","dayofmonth":"4","dayofweek":"7","dayofyear":"35","month":"2","week":"5","year":"2023","week_part":"2023-5"}
{"date":"2023-02-05","dayofmonth":"5","dayofweek":"1","dayofyear":"36","month":"2","week":"6","year":"2023","week_part":"2023-6"}
{"date":"2023-02-06","dayofmonth":"6","dayofweek":"2","dayofyear":"37","month":"2","week":"6","year":"2023","week_part":"2023-6"}
{"date":"2023-02-07","dayofmonth":"7","dayofweek":"3","dayofyear":"38","month":"2","week":"6","year":"2023","week_part":"2023-6"}
{"date":"2023-02-08","dayofmonth":"8","dayofweek":"4","dayofyear":"39","month":"2","week":"6","year":"2023","week_part":"2023-6"}
{"date":"2023-02-09","dayofmonth":"9","dayofweek":"5","dayofyear":"40","month":"2","week":"6","year":"2023","week_part":"2023-6"}
{"date":"2023-02-10","dayofmonth":"10","dayofweek":"6","dayofyear":"41","month":"2","week":"6","year":"2023","week_part":"2023-6"}
{"date":"2023-02-11","dayofmonth":"11","dayofweek":"7","dayofyear":"42","month":"2","week":"6","year":"2023","week_part":"2023-6"}
{"date":"2023-02-12","dayofmonth":"12","dayofweek":"1","dayofyear":"43","month":"2","week":"7","year":"2023","week_part":"2023-7"}
{"date":"2023-02-13","dayofmonth":"13","dayofweek":"2","dayofyear":"44","month":"2","week":"7","year":"2023","week_part":"2023-7"}
{"date":"2023-02-14","dayofmonth":"14","dayofweek":"3","dayofyear":"45","month":"2","week":"7","year":"2023","week_part":"2023-7"}
{"date":"2023-02-15","dayofmonth":"15","dayofweek":"4","dayofyear":"46","month":"2","week":"7","year":"2023","week_part":"2023-7"}
{"date":"2023-02-16","dayofmonth":"16","dayofweek":"5","dayofyear":"47","month":"2","week":"7","year":"2023","week_part":"2023-7"}
{"date":"2023-02-17","dayofmonth":"17","dayofweek":"6","dayofyear":"48","month":"2","week":"7","year":"2023","week_part":"2023-7"}
{"date":"2023-02-18","dayofmonth":"18","dayofweek":"7","dayofyear":"49","month":"2","week":"7","year":"2023","week_part":"2023-7"}
{"date":"2023-02-19","dayofmonth":"19","dayofweek":"1","dayofyear":"50","month":"2","week":"8","year":"2023","week_part":"2023-8"}
{"date":"2023-02-20","dayofmonth":"20","dayofweek":"2","dayofyear":"51","month":"2","week":"8","year":"2023","week_part":"2023-8"}
{"date":"2023-02-21","dayofmonth":"21","dayofweek":"3","dayofyear":"52","month":"2","week":"8","year":"2023","week_part":"2023-8"}
{"date":"2023-02-22","dayofmonth":"22","dayofweek":"4","dayofyear":"53","month":"2","week":"8","year":"2023","week_part":"2023-8"}
{"date":"2023-02-23","dayofmonth":"23","dayofweek":"5","dayofyear":"54","month":"2","week":"8","year":"2023","week_part":"2023-8"}
{"date":"2023-02-24","dayofmonth":"24","dayofweek":"6","dayofyear":"55","month":"2","week":"8","year":"2023","week_part":"2023-8"}
{"date":"2023-02-25","dayofmonth":"25","dayofweek":"7","dayofyear":"56","month":"2","week":"8","year":"2023","week_part":"2023-8"}
{"date":"2023-02-26","dayofmonth":"26","dayofweek":"1","dayofyear":"57","month":"2","week":"9","year":"2023","week_part":"2023-9"}
{"date":"2023-02-27","dayofmonth":"27","dayofweek":"2","dayofyear":"58","month":"2","week":"9","year":"2023","week_part":"2023-9"}
{"date":"2023-02-28","dayofmonth":"28","dayofweek":"3","dayofyear":"59","month":"2","week":"9","year":"2023","week_part":"2023-9"}
{"date":"2023-03-01","dayofmonth":"1","dayofweek":"4","dayofyear":"60","month":"3","week":"9","year":"2023","week_part":"2023-9"}
{"date":"2023-03-02","dayofmonth":"2","dayofweek":"5","dayofyear":"61","month":"3","week":"9","year":"2023","week_part":"2023-9"}
{"date":"2023-03-03","dayofmonth":"3","dayofweek":"6","dayofyear":"62","month":"3","week":"9","year":"2023","week_part":"2023-9"}
{"date":"2023-03-04","dayofmonth":"4","dayofweek":"7","dayofyear":"63","month":"3","week":"9","year":"2023","week_part":"2023-9"}
{"date":"2023-03-05","dayofmonth":"5","dayofweek":"1","dayofyear":"64","month":"3","week":"10","year":"2023","week_part":"2023-10"}
{"date":"2023-03-06","dayofmonth":"6","dayofweek":"2","dayofyear":"65","month":"3","week":"10","year":"2023","week_part":"2023-10"}
{"date":"2023-03-07","dayofmonth":"7","dayofweek":"3","dayofyear":"66","month":"3","week":"10","year":"2023","week_part":"2023-10"}
{"date":"2023-03-08","dayofmonth":"8","dayofweek":"4","dayofyear":"67","month":"3","week":"10","year":"2023","week_part":"2023-10"}
{"date":"2023-03-09","dayofmonth":"9","dayofweek":"5","dayofyear":"68","month":"3","week":"10","year":"2023","week_part":"2023-10"}
{"date":"2023-03-10","dayofmonth":"10","dayofweek":"6","dayofyear":"69","month":"3","week":"10","year":"2023","week_part":"2023-10"}
{"date":"2023-03-11","dayofmonth":"11","dayofweek":"7","dayofyear":"70","month":"3","week":"10","year":"2023","week_part":"2023-10"}
{"date":"2023-03-12","dayofmonth":"12","dayofweek":"1","dayofyear":"71","month":"3","week":"11","year":"2023","week_part":"2023-11"}
{"date":"2023-03-13","dayofmonth":"13","dayofweek":"2","dayofyear":"72","month":"3","week":"11","year":"2023","week_part":"2023-11"}
{"date":"2023-03-14","dayofmonth":"14","dayofweek":"3","dayofyear":"73","month":"3","week":"11","year":"2023","week_part":"2023-11"}
{"date":"2023-03-15","dayofmonth":"15","dayofweek":"4","dayofyear":"74","month":"3","week":"11","year":"2023","week_part":"2023-11"}
{"date":"2023-03-16","dayofmonth":"16","dayofweek":"5","dayofyear":"75","month":"3","week":"11","year":"2023","week_part":"2023-11"}
{"date":"2023-03-17","dayofmonth":"17","dayofweek":"6","dayofyear":"76","month":"3","week":"11","year":"2023","week_part":"2023-11"}
{"date":"2023-03-18","dayofmonth":"18","dayofweek":"7","dayofyear":"77","month":"3","week":"11","year":"2023","week_part":"2023-11"}
{"date":"2023-03-19","dayofmonth":"19","dayofweek":"1","dayofyear":"78","month":"3","week":"12","year":"2023","week_part":"2023-12"}
{"date":"2023-03-20","dayofmonth":"20","dayofweek":"2","dayofyear":"79","month":"3","week":"12","year":"2023","week_part":"2023-12"}
{"date":"2023-03-21","dayofmonth":"21","dayofweek":"3","dayofyear":"80","month":"3","week":"12","year":"2023","week_part":"2023-12"}
{"date":"2023-03-22","dayofmonth":"22","dayofweek":"4","dayofyear":"81","month":"3","week":"12","year":"2023","week_part":"2023-12"}
{"date":"2023-03-23","dayofmonth":"23","dayofweek":"5","dayofyear":"82","month":"3","week":"12","year":"2023","week_part":"2023-12"}
{"date":"2023-03-24","dayofmonth":"24","dayofweek":"6","dayofyear":"83","month":"3","week":"12","year":"2023","week_part":"2023-12"}
{"date":"2023-03-25","dayofmonth":"25","dayofweek":"7","dayofyear":"84","month":"3","week":"12","year":"2023","week_part":"2023-12"}
{"date":"2023-03-26","dayofmonth":"26","dayofweek":"1","dayofyear":"85","month":"3","week":"13","year":"2023","week_part":"2023-13"}
{"date":"2023-03-27","dayofmonth":"27","dayofweek":"2","dayofyear":"86","month":"3","week":"13","year":"2023","week_part":"2023-13"}
{"date":"2023-03-28","dayofmonth":"28","dayofweek":"3","dayofyear":"87","month":"3","week":"13","year":"2023","week_part":"2023-13"}
{"date":"2023-03-29","dayofmonth":"29","dayofweek":"4","dayofyear":"88","month":"3","week":"13","year":"2023","week_part":"2023-13"}
{"date":"2023-03-30","dayofmonth":"30","dayofweek":"5","dayofyear":"89","month":"3","week":"13","year":"2023","week_part":"2023-13"}
{"date":"2023-03-31","dayofmonth":"31","dayofweek":"6","dayofyear":"90","month":"3","week":"13","year":"2023","week_part":"2023-13"}
{"date":"2023-04-01","dayofmonth":"1","dayofweek":"7","dayofyear":"91","month":"4","week":"13","year":"2023","week_part":"2023-13"}
{"date":"2023-04-02","dayofmonth":"2","dayofweek":"1","dayofyear":"92","month":"4","week":"14","year":"2023","week_part":"2023-14"}
{"date":"2023-04-03","dayofmonth":"3","dayofweek":"2","dayofyear":"93","month":"4","week":"14","year":"2023","week_part":"2023-14"}
{"date":"2023-04-04","dayofmonth":"4","dayofweek":"3","dayofyear":"94","month":"4","week":"14","year":"2023","week_part":"2023-14"}
{"date":"2023-04-05","dayofmonth":"5","dayofweek":"4","dayofyear":"95","month":"4","week":"14","year":"2023","week_part":"2023-14"}
{"date":"2023-04-06","dayofmonth":"6","dayofweek":"5","dayofyear":"96","month":"4","week":"14","year":"2023","week_part":"2023-14"}
{"date":"2023-04-07","dayofmonth":"7","dayofweek":"6","dayofyear":"97","month":"4","week":"14","year":"2023","week_part":"2023-14"}
{"date":"2023-04-08","dayofmonth":"8","dayofweek":"7","dayofyear":"98","month":"4","week":"14","year":"2023","week_part":"2023-14"}
{"date":"2023-04-09","dayofmonth":"9","dayofweek":"1","dayofyear":"99","month":"4","week":"15","year":"2023","week_part":"2023-15"}
{"date":"2023-04-10","dayofmonth":"10","dayofweek":"2","dayofyear":"100","month":"4","week":"15","year":"2023","week_part":"2023-15"}
{"date":"2023-04-11","dayofmonth":"11","dayofweek":"3","dayofyear":"101","month":"4","week":"15","year":"2023","week_part":"2023-15"}
{"date":"2023-04-12","dayofmonth":"12","dayofweek":"4","dayofyear":"102","month":"4","week":"15","year":"2023","week_part":"2023-15"}
{"date":"2023-04-13","dayofmonth":"13","dayofweek":"5","dayofyear":"103","month":"4","week":"15","year":"2023","week_part":"2023-15"}
{"date":"2023-04-14","dayofmonth":"14","dayofweek":"6","dayofyear":"104","month":"4","week":"15","year":"2023","week_part":"2023-15"}
{"date":"2023-04-15","dayofmonth":"15","dayofweek":"7","dayofyear":"105","month":"4","week":"15","year":"2023","week_part":"2023-15"}
{"date":"2023-04-16","dayofmonth":"16","dayofweek":"1","dayofyear":"106","month":"4","week":"16","year":"2023","week_part":"2023-16"}
{"date":"2023-04-17","dayofmonth":"17","dayofweek":"2","dayofyear":"107","month":"4","week":"16","year":"2023","week_part":"2023-16"}
{"date":"2023-04-18","dayofmonth":"18","dayofweek":"3","dayofyear":"108","month":"4","week":"16","year":"2023","week_part":"2023-16"}
{"date":"2023-04-19","dayofmonth":"19","dayofweek":"4","dayofyear":"109","month":"4","week":"16","year":"2023","week_part":"2023-16"}
{"date":"2023-04-20","dayofmonth":"20","dayofweek":"5","dayofyear":"110","month":"4","week":"16","year":"2023","week_part":"2023-16"}
{"date":"2023-04-21","dayofmonth":"21","dayofweek":"6","dayofyear":"111","month":"4","week":"16","year":"2023","week_part":"2023-16"}
{"date":"2023-04-22","dayofmonth":"22","dayofweek":"7","dayofyear":"112","month":"4","week":"16","year":"2023","week_part":"2023-16"}
{"date":"2023-04-23","dayofmonth":"23","dayofweek":"1","dayofyear":"113","month":"4","week":"17","year":"2023","week_part":"2023-17"}
{"date":"2023-04-24","dayofmonth":"24","dayofweek":"2","dayofyear":"114","month":"4","week":"17","year":"2023","week_part":"2023-17"}
{"date":"2023-04-25","dayofmonth":"25","dayofweek":"3","dayofyear":"115","month":"4","week":"17","year":"2023","week_part":"2023-17"}
{"date":"2023-04-26","dayofmonth":"26","dayofweek":"4","dayofyear":"116","month":"4","week":"17","year":"2023","week_part":"2023-17"}
{"date":"2023-04-27","dayofmonth":"27","dayofweek":"5","dayofyear":"117","month":"4","week":"17","year":"2023","week_part":"2023-17"}
{"date":"2023-04-28","dayofmonth":"28","dayofweek":"6","dayofyear":"118","month":"4","week":"17","year":"2023","week_part":"2023-17"}
{"date":"2023-04-29","dayofmonth":"29","dayofweek":"7","dayofyear":"119","month":"4","week":"17","year":"2023","week_part":"2023-17"}
{"date":"2023-04-30","dayofmonth":"30","dayofweek":"1","dayofyear":"120","month":"4","week":"18","year":"2023","week_part":"2023-18"}
{"date":"2023-05-01","dayofmonth":"1","dayofweek":"2","dayofyear":"121","month":"5","week":"18","year":"2023","week_part":"2023-18"}
{"date":"2023-05-02","dayofmonth":"2","dayofweek":"3","dayofyear":"122","month":"5","week":"18","year":"2023","week_part":"2023-18"}
{"date":"2023-05-03","dayofmonth":"3","dayofweek":"4","dayofyear":"123","month":"5","week":"18","year":"2023","week_part":"2023-18"}
{"date":"2023-05-04","dayofmonth":"4","dayofweek":"5","dayofyear":"124","month":"5","week":"18","year":"2023","week_part":"2023-18"}
{"date":"2023-05-05","dayofmonth":"5","dayofweek":"6","dayofyear":"125","month":"5","week":"18","year":"2023","week_part":"2023-18"}
{"date":"2023-05-06","dayofmonth":"6","dayofweek":"7","dayofyear":"126","month":"5","week":"18","year":"2023","week_part":"2023-18"}
{"date":"2023-05-07","dayofmonth":"7","dayofweek":"1","dayofyear":"127","month":"5","week":"19","year":"2023","week_part":"2023-19"}
{"date":"2023-05-08","dayofmonth":"8","dayofweek":"2","dayofyear":"128","month":"5","week":"19","year":"2023","week_part":"2023-19"}
{"date":"2023-05-09","dayofmonth":"9","dayofweek":"3","dayofyear":"129","month":"5","week":"19","year":"2023","week_part":"2023-19"}
{"date":"2023-05-10","dayofmonth":"10","dayofweek":"4","dayofyear":"130","month":"5","week":"19","year":"2023","week_part":"2023-19"}
{"date":"2023-05-11","dayofmonth":"11","dayofweek":"5","dayofyear":"131","month":"5","week":"19","year":"2023","week_part":"2023-19"}
{"date":"2023-05-12","dayofmonth":"12","dayofweek":"6","dayofyear":"132","month":"5","week":"19","year":"2023","week_part":"2023-19"}
{"date":"2023-05-13","dayofmonth":"13","dayofweek":"7","dayofyear":"133","month":"5","week":"19","year":"2023","week_part":"2023-19"}
{"date":"2023-05-14","dayofmonth":"14","dayofweek":"1","dayofyear":"134","month":"5","week":"20","year":"2023","week_part":"2023-20"}
{"date":"2023-05-15","dayofmonth":"15","dayofweek":"2","dayofyear":"135","month":"5","week":"20","year":"2023","week_part":"2023-20"}
{"date":"2023-05-16","dayofmonth":"16","dayofweek":"3","dayofyear":"136","month":"5","week":"20","year":"2023","week_part":"2023-20"}
{"date":"2023-05-17","dayofmonth":"17","dayofweek":"4","dayofyear":"137","month":"5","week":"20","year":"2023","week_part":"2023-20"}
{"date":"2023-05-18","dayofmonth":"18","dayofweek":"5","dayofyear":"138","month":"5","week":"20","year":"2023","week_part":"2023-20"}
{"date":"2023-05-19","dayofmonth":"19","dayofweek":"6","dayofyear":"139","month":"5","week":"20","year":"2023","week_part":"2023-20"}
{"date":"2023-05-20","dayofmonth":"20","dayofweek":"7","dayofyear":"140","month":"5","week":"20","year":"2023","week_part":"2023-20"}
{"date":"2023-05-21","dayofmonth":"21","dayofweek":"1","dayofyear":"141","month":"5","week":"21","year":"2023","week_part":"2023-21"}
{"date":"2023-05-22","dayofmonth":"22","dayofweek":"2","dayofyear":"142","month":"5","week":"21","year":"2023","week_part":"2023-21"}
{"date":"2023-05-23","dayofmonth":"23","dayofweek":"3","dayofyear":"143","month":"5","week":"21","year":"2023","week_part":"2023-21"}
{"date":"2023-05-24","dayofmonth":"24","dayofweek":"4","dayofyear":"144","month":"5","week":"21","year":"2023","week_part":"2023-21"}
{"date":"2023-05-25","dayofmonth":"25","dayofweek":"5","dayofyear":"145","month":"5","week":"21","year":"2023","week_part":"2023-21"}
{"date":"2023-05-26","dayofmonth":"26","dayofweek":"6","dayofyear":"146","month":"5","week":"21","year":"2023","week_part":"2023-21"}
{"date":"2023-05-27","dayofmonth":"27","dayofweek":"7","dayofyear":"147","month":"5","week":"21","year":"2023","week_part":"2023-21"}
{"date":"2023-05-28","dayofmonth":"28","dayofweek":"1","dayofyear":"148","month":"5","week":"22","year":"2023","week_part":"2023-22"}
{"date":"2023-05-29","dayofmonth":"29","dayofweek":"2","dayofyear":"149","month":"5","week":"22","year":"2023","week_part":"2023-22"}
{"date":"2023-05-30","dayofmonth":"30","dayofweek":"3","dayofyear":"150","month":"5","week":"22","year":"2023","week_part":"2023-22"}
{"date":"2023-05-31","dayofmonth":"31","dayofweek":"4","dayofyear":"151","month":"5","week":"22","year":"2023","week_part":"2023-22"}
{"date":"2023-06-01","dayofmonth":"1","dayofweek":"5","dayofyear":"152","month":"6","week":"22","year":"2023","week_part":"2023-22"}
{"date":"2023-06-02","dayofmonth":"2","dayofweek":"6","dayofyear":"153","month":"6","week":"22","year":"2023","week_part":"2023-22"}
{"date":"2023-06-03","dayofmonth":"3","dayofweek":"7","dayofyear":"154","month":"6","week":"22","year":"2023","week_part":"2023-22"}
{"date":"2023-06-04","dayofmonth":"4","dayofweek":"1","dayofyear":"155","month":"6","week":"23","year":"2023","week_part":"2023-23"}
{"date":"2023-06-05","dayofmonth":"5","dayofweek":"2","dayofyear":"156","month":"6","week":"23","year":"2023","week_part":"2023-23"}
{"date":"2023-06-06","dayofmonth":"6","dayofweek":"3","dayofyear":"157","month":"6","week":"23","year":"2023","week_part":"2023-23"}
{"date":"2023-06-07","dayofmonth":"7","dayofweek":"4","dayofyear":"158","month":"6","week":"23","year":"2023","week_part":"2023-23"}
{"date":"2023-06-08","dayofmonth":"8","dayofweek":"5","dayofyear":"159","month":"6","week":"23","year":"2023","week_part":"2023-23"}
{"date":"2023-06-09","dayofmonth":"9","dayofweek":"6","dayofyear":"160","month":"6","week":"23","year":"2023","week_part":"2023-23"}
{"date":"2023-06-10","dayofmonth":"10","dayofweek":"7","dayofyear":"161","month":"6","week":"23","year":"2023","week_part":"2023-23"}
{"date":"2023-06-11","dayofmonth":"11","dayofweek":"1","dayofyear":"162","month":"6","week":"24","year":"2023","week_part":"2023-24"}
{"date":"2023-06-12","dayofmonth":"12","dayofweek":"2","dayofyear":"163","month":"6","week":"24","year":"2023","week_part":"2023-24"}
{"date":"2023-06-13","dayofmonth":"13","dayofweek":"3","dayofyear":"164","month":"6","week":"24","year":"2023","week_part":"2023-24"}
{"date":"2023-06-14","dayofmonth":"14","dayofweek":"4","dayofyear":"165","month":"6","week":"24","year":"2023","week_part":"2023-24"}
{"date":"2023-06-15","dayofmonth":"15","dayofweek":"5","dayofyear":"166","month":"6","week":"24","year":"2023","week_part":"2023-24"}
{"date":"2023-06-16","dayofmonth":"16","dayofweek":"6","dayofyear":"167","month":"6","week":"24","year":"2023","week_part":"2023-24"}
{"date":"2023-06-17","dayofmonth":"17","dayofweek":"7","dayofyear":"168","month":"6","week":"24","year":"2023","week_part":"2023-24"}
{"date":"2023-06-18","dayofmonth":"18","dayofweek":"1","dayofyear":"169","month":"6","week":"25","year":"2023","week_part":"2023-25"}
{"date":"2023-06-19","dayofmonth":"19","dayofweek":"2","dayofyear":"170","month":"6","week":"25","year":"2023","week_part":"2023-25"}
{"date":"2023-06-20","dayofmonth":"20","dayofweek":"3","dayofyear":"171","month":"6","week":"25","year":"2023","week_part":"2023-25"}
{"date":"2023-06-21","dayofmonth":"21","dayofweek":"4","dayofyear":"172","month":"6","week":"25","year":"2023","week_part":"2023-25"}
{"date":"2023-06-22","dayofmonth":"22","dayofweek":"5","dayofyear":"173","month":"6","week":"25","year":"2023","week_part":"2023-25"}
{"date":"2023-06-23","dayofmonth":"23","dayofweek":"6","dayofyear":"174","month":"6","week":"25","year":"2023","week_part":"2023-25"}
{"date":"2023-06-24","dayofmonth":"24","dayofweek":"7","dayofyear":"175","month":"6","week":"25","year":"2023","week_part":"2023-25"}
{"date":"2023-06-25","dayofmonth":"25","dayofweek":"1","dayofyear":"176","month":"6","week":"26","year":"2023","week_part":"2023-26"}
{"date":"2023-06-26","dayofmonth":"26","dayofweek":"2","dayofyear":"177","month":"6","week":"26","year":"2023","week_part":"2023-26"}
{"date":"2023-06-27","dayofmonth":"27","dayofweek":"3","dayofyear":"178","month":"6","week":"26","year":"2023","week_part":"2023-26"}
{"date":"2023-06-28","dayofmonth":"28","dayofweek":"4","dayofyear":"179","month":"6","week":"26","year":"2023","week_part":"2023-26"}
{"date":"2023-06-29","dayofmonth":"29","dayofweek":"5","dayofyear":"180","month":"6","week":"26","year":"2023","week_part":"2023-26"}
{"date":"2023-06-30","dayofmonth":"30","dayofweek":"6","dayofyear":"181","month":"6","week":"26","year":"2023","week_part":"2023-26"}
{"date":"2023-07-01","dayofmonth":"1","dayofweek":"7","dayofyear":"182","month":"7","week":"26","year":"2023","week_part":"2023-26"}
{"date":"2023-07-02","dayofmonth":"2","dayofweek":"1","dayofyear":"183","month":"7","week":"27","year":"2023","week_part":"2023-27"}
{"date":"2023-07-03","dayofmonth":"3","dayofweek":"2","dayofyear":"184","month":"7","week":"27","year":"2023","week_part":"2023-27"}
{"date":"2023-07-04","dayofmonth":"4","dayofweek":"3","dayofyear":"185","month":"7","week":"27","year":"2023","week_part":"2023-27"}
{"date":"2023-07-05","dayofmonth":"5","dayofweek":"4","dayofyear":"186","month":"7","week":"27","year":"2023","week_part":"2023-27"}
{"date":"2023-07-06","dayofmonth":"6","dayofweek":"5","dayofyear":"187","month":"7","week":"27","year":"2023","week_part":"2023-27"}
{"date":"2023-07-07","dayofmonth":"7","dayofweek":"6","dayofyear":"188","month":"7","week":"27","year":"2023","week_part":"2023-27"}
{"date":"2023-07-08","dayofmonth":"8","dayofweek":"7","dayofyear":"189","month":"7","week":"27","year":"2023","week_part":"2023-27"}
{"date":"2023-07-09","dayofmonth":"9","dayofweek":"1","dayofyear":"190","month":"7","week":"28","year":"2023","week_part":"2023-28"}
{"date":"2023-07-10","dayofmonth":"10","dayofweek":"2","dayofyear":"191","month":"7","week":"28","year":"2023","week_part":"2023-28"}
{"date":"2023-07-11","dayofmonth":"11","dayofweek":"3","dayofyear":"192","month":"7","week":"28","year":"2023","week_part":"2023-28"}
{"date":"2023-07-12","dayofmonth":"12","dayofweek":"4","dayofyear":"193","month":"7","week":"28","year":"2023","week_part":"2023-28"}
{"date":"2023-07-13","dayofmonth":"13","dayofweek":"5","dayofyear":"194","month":"7","week":"28","year":"2023","week_part":"2023-28"}
{"date":"2023-07-14","dayofmonth":"14","dayofweek":"6","dayofyear":"195","month":"7","week":"28","year":"2023","week_part":"2023-28"}
{"date":"2023-07-15","dayofmonth":"15","dayofweek":"7","dayofyear":"196","month":"7","week":"28","year":"2023","week_part":"2023-28"}
{"date":"2023-07-16","dayofmonth":"16","dayofweek":"1","dayofyear":"197","month":"7","week":"29","year":"2023","week_part":"2023-29"}
{"date":"2023-07-17","dayofmonth":"17","dayofweek":"2","dayofyear":"198","month":"7","week":"29","year":"2023","week_part":"2023-29"}
{"date":"2023-07-18","dayofmonth":"18","dayofweek":"3","dayofyear":"199","month":"7","week":"29","year":"2023","week_part":"2023-29"}
{"date":"2023-07-19","dayofmonth":"19","dayofweek":"4","dayofyear":"200","month":"7","week":"29","year":"2023","week_part":"2023-29"}
{"date":"2023-07-20","dayofmonth":"20","dayofweek":"5","dayofyear":"201","month":"7","week":"29","year":"2023","week_part":"2023-29"}
{"date":"2023-07-21","dayofmonth":"21","dayofweek":"6","dayofyear":"202","month":"7","week":"29","year":"2023","week_part":"2023-29"}
{"date":"2023-07-22","dayofmonth":"22","dayofweek":"7","dayofyear":"203","month":"7","week":"29","year":"2023","week_part":"2023-29"}
{"date":"2023-07-23","dayofmonth":"23","dayofweek":"1","dayofyear":"204","month":"7","week":"30","year":"2023","week_part":"2023-30"}
{"date":"2023-07-24","dayofmonth":"24","dayofweek":"2","dayofyear":"205","month":"7","week":"30","year":"2023","week_part":"2023-30"}
{"date":"2023-07-25","dayofmonth":"25","dayofweek":"3","dayofyear":"206","month":"7","week":"30","year":"2023","week_part":"2023-30"}
{"date":"2023-07-26","dayofmonth":"26","dayofweek":"4","dayofyear":"207","month":"7","week":"30","year":"2023","week_part":"2023-30"}
{"date":"2023-07-27","dayofmonth":"27","dayofweek":"5","dayofyear":"208","month":"7","week":"30","year":"2023","week_part":"2023-30"}
{"date":"2023-07-28","dayofmonth":"28","dayofweek":"6","dayofyear":"209","month":"7","week":"30","year":"2023","week_part":"2023-30"}
{"date":"2023-07-29","dayofmonth":"29","dayofweek":"7","dayofyear":"210","month":"7","week":"30","year":"2023","week_part":"2023-30"}
{"date":"2023-07-30","dayofmonth":"30","dayofweek":"1","dayofyear":"211","month":"7","week":"31","year":"2023","week_part":"2023-31"}
{"date":"2023-07-31","dayofmonth":"31","dayofweek":"2","dayofyear":"212","month":"7","week":"31","year":"2023","week_part":"2023-31"}
{"date":"2023-08-01","dayofmonth":"1","dayofweek":"3","dayofyear":"213","month":"8","week":"31","year":"2023","week_part":"2023-31"}
{"date":"2023-08-02","dayofmonth":"2","dayofweek":"4","dayofyear":"214","month":"8","week":"31","year":"2023","week_part":"2023-31"}
{"date":"2023-08-03","dayofmonth":"3","dayofweek":"5","dayofyear":"215","month":"8","week":"31","year":"2023","week_part":"2023-31"}
{"date":"2023-08-04","dayofmonth":"4","dayofweek":"6","dayofyear":"216","month":"8","week":"31","year":"2023","week_part":"2023-31"}
{"date":"2023-08-05","dayofmonth":"5","dayofweek":"7","dayofyear":"217","month":"8","week":"31","year":"2023","week_part":"2023-31"}
{"date":"2023-08-06","dayofmonth":"6","dayofweek":"1","dayofyear":"218","month":"8","week":"32","year":"2023","week_part":"2023-32"}
{"date":"2023-08-07","dayofmonth":"7","dayofweek":"2","dayofyear":"219","month":"8","week":"32","year":"2023","week_part":"2023-32"}
{"date":"2023-08-08","dayofmonth":"8","dayofweek":"3","dayofyear":"220","month":"8","week":"32","year":"2023","week_part":"2023-32"}
{"date":"2023-08-09","dayofmonth":"9","dayofweek":"4","dayofyear":"221","month":"8","week":"32","year":"2023","week_part":"2023-32"}
{"date":"2023-08-10","dayofmonth":"10","dayofweek":"5","dayofyear":"222","month":"8","week":"32","year":"2023","week_part":"2023-32"}
{"date":"2023-08-11","dayofmonth":"11","dayofweek":"6","dayofyear":"223","month":"8","week":"32","year":"2023","week_part":"2023-32"}
{"date":"2023-08-12","dayofmonth":"12","dayofweek":"7","dayofyear":"224","month":"8","week":"32","year":"2023","week_part":"2023-32"}
{"date":"2023-08-13","dayofmonth":"13","dayofweek":"1","dayofyear":"225","month":"8","week":"33","year":"2023","week_part":"2023-33"}
{"date":"2023-08-14","dayofmonth":"14","dayofweek":"2","dayofyear":"226","month":"8","week":"33","year":"2023","week_part":"2023-33"}
{"date":"2023-08-15","dayofmonth":"15","dayofweek":"3","dayofyear":"227","month":"8","week":"33","year":"2023","week_part":"2023-33"}
{"date":"2023-08-16","dayofmonth":"16","dayofweek":"4","dayofyear":"228","month":"8","week":"33","year":"2023","week_part":"2023-33"}
{"date":"2023-08-17","dayofmonth":"17","dayofweek":"5","dayofyear":"229","month":"8","week":"33","year":"2023","week_part":"2023-33"}
{"date":"2023-08-18","dayofmonth":"18","dayofweek":"6","dayofyear":"230","month":"8","week":"33","year":"2023","week_part":"2023-33"}
{"date":"2023-08-19","dayofmonth":"19","dayofweek":"7","dayofyear":"231","month":"8","week":"33","year":"2023","week_part":"2023-33"}
{"date":"2023-08-20","dayofmonth":"20","dayofweek":"1","dayofyear":"232","month":"8","week":"34","year":"2023","week_part":"2023-34"}
{"date":"2023-08-21","dayofmonth":"21","dayofweek":"2","dayofyear":"233","month":"8","week":"34","year":"2023","week_part":"2023-34"}
{"date":"2023-08-22","dayofmonth":"22","dayofweek":"3","dayofyear":"234","month":"8","week":"34","year":"2023","week_part":"2023-34"}
{"date":"2023-08-23","dayofmonth":"23","dayofweek":"4","dayofyear":"235","month":"8","week":"34","year":"2023","week_part":"2023-34"}
{"date":"2023-08-24","dayofmonth":"24","dayofweek":"5","dayofyear":"236","month":"8","week":"34","year":"2023","week_part":"2023-34"}
{"date":"2023-08-25","dayofmonth":"25","dayofweek":"6","dayofyear":"237","month":"8","week":"34","year":"2023","week_part":"2023-34"}
{"date":"2023-08-26","dayofmonth":"26","dayofweek":"7","dayofyear":"238","month":"8","week":"34","year":"2023","week_part":"2023-34"}
{"date":"2023-08-27","dayofmonth":"27","dayofweek":"1","dayofyear":"239","month":"8","week":"35","year":"2023","week_part":"2023-35"}
{"date":"2023-08-28","dayofmonth":"28","dayofweek":"2","dayofyear":"240","month":"8","week":"35","year":"2023","week_part":"2023-35"}
{"date":"2023-08-29","dayofmonth":"29","dayofweek":"3","dayofyear":"241","month":"8","week":"35","year":"2023","week_part":"2023-35"}
{"date":"2023-08-30","dayofmonth":"30","dayofweek":"4","dayofyear":"242","month":"8","week":"35","year":"2023","week_part":"2023-35"}
{"date":"2023-08-31","dayofmonth":"31","dayofweek":"5","dayofyear":"243","month":"8","week":"35","year":"2023","week_part":"2023-35"}
{"date":"2023-09-01","dayofmonth":"1","dayofweek":"6","dayofyear":"244","month":"9","week":"35","year":"2023","week_part":"2023-35"}
{"date":"2023-09-02","dayofmonth":"2","dayofweek":"7","dayofyear":"245","month":"9","week":"35","year":"2023","week_part":"2023-35"}
{"date":"2023-09-03","dayofmonth":"3","dayofweek":"1","dayofyear":"246","month":"9","week":"36","year":"2023","week_part":"2023-36"}
{"date":"2023-09-04","dayofmonth":"4","dayofweek":"2","dayofyear":"247","month":"9","week":"36","year":"2023","week_part":"2023-36"}
{"date":"2023-09-05","dayofmonth":"5","dayofweek":"3","dayofyear":"248","month":"9","week":"36","year":"2023","week_part":"2023-36"}
{"date":"2023-09-06","dayofmonth":"6","dayofweek":"4","dayofyear":"249","month":"9","week":"36","year":"2023","week_part":"2023-36"}
{"date":"2023-09-07","dayofmonth":"7","dayofweek":"5","dayofyear":"250","month":"9","week":"36","year":"2023","week_part":"2023-36"}
{"date":"2023-09-08","dayofmonth":"8","dayofweek":"6","dayofyear":"251","month":"9","week":"36","year":"2023","week_part":"2023-36"}
{"date":"2023-09-09","dayofmonth":"9","dayofweek":"7","dayofyear":"252","month":"9","week":"36","year":"2023","week_part":"2023-36"}
{"date":"2023-09-10","dayofmonth":"10","dayofweek":"1","dayofyear":"253","month":"9","week":"37","year":"2023","week_part":"2023-37"}
{"date":"2023-09-11","dayofmonth":"11","dayofweek":"2","dayofyear":"254","month":"9","week":"37","year":"2023","week_part":"2023-37"}
{"date":"2023-09-12","dayofmonth":"12","dayofweek":"3","dayofyear":"255","month":"9","week":"37","year":"2023","week_part":"2023-37"}
{"date":"2023-09-13","dayofmonth":"13","dayofweek":"4","dayofyear":"256","month":"9","week":"37","year":"2023","week_part":"2023-37"}
{"date":"2023-09-14","dayofmonth":"14","dayofweek":"5","dayofyear":"257","month":"9","week":"37","year":"2023","week_part":"2023-37"}
{"date":"2023-09-15","dayofmonth":"15","dayofweek":"6","dayofyear":"258","month":"9","week":"37","year":"2023","week_part":"2023-37"}
{"date":"2023-09-16","dayofmonth":"16","dayofweek":"7","dayofyear":"259","month":"9","week":"37","year":"2023","week_part":"2023-37"}
{"date":"2023-09-17","dayofmonth":"17","dayofweek":"1","dayofyear":"260","month":"9","week":"38","year":"2023","week_part":"2023-38"}
{"date":"2023-09-18","dayofmonth":"18","dayofweek":"2","dayofyear":"261","month":"9","week":"38","year":"2023","week_part":"2023-38"}
{"date":"2023-09-19","dayofmonth":"19","dayofweek":"3","dayofyear":"262","month":"9","week":"38","year":"2023","week_part":"2023-38"}
{"date":"2023-09-20","dayofmonth":"20","dayofweek":"4","dayofyear":"263","month":"9","week":"38","year":"2023","week_part":"2023-38"}
{"date":"2023-09-21","dayofmonth":"21","dayofweek":"5","dayofyear":"264","month":"9","week":"38","year":"2023","week_part":"2023-38"}
{"date":"2023-09-22","dayofmonth":"22","dayofweek":"6","dayofyear":"265","month":"9","week":"38","year":"2023","week_part":"2023-38"}
{"date":"2023-09-23","dayofmonth":"23","dayofweek":"7","dayofyear":"266","month":"9","week":"38","year":"2023","week_part":"2023-38"}
{"date":"2023-09-24","dayofmonth":"24","dayofweek":"1","dayofyear":"267","month":"9","week":"39","year":"2023","week_part":"2023-39"}
{"date":"2023-09-25","dayofmonth":"25","dayofweek":"2","dayofyear":"268","month":"9","week":"39","year":"2023","week_part":"2023-39"}
{"date":"2023-09-26","dayofmonth":"26","dayofweek":"3","dayofyear":"269","month":"9","week":"39","year":"2023","week_part":"2023-39"}
{"date":"2023-09-27","dayofmonth":"27","dayofweek":"4","dayofyear":"270","month":"9","week":"39","year":"2023","week_part":"2023-39"}
{"date":"2023-09-28","dayofmonth":"28","dayofweek":"5","dayofyear":"271","month":"9","week":"39","year":"2023","week_part":"2023-39"}
{"date":"2023-09-29","dayofmonth":"29","dayofweek":"6","dayofyear":"272","month":"9","week":"39","year":"2023","week_part":"2023-39"}
{"date":"2023-09-30","dayofmonth":"30","dayofweek":"7","dayofyear":"273","month":"9","week":"39","year":"2023","week_part":"2023-39"}
{"date":"2023-10-01","dayofmonth":"1","dayofweek":"1","dayofyear":"274","month":"10","week":"40","year":"2023","week_part":"2023-40"}
{"date":"2023-10-02","dayofmonth":"2","dayofweek":"2","dayofyear":"275","month":"10","week":"40","year":"2023","week_part":"2023-40"}
{"date":"2023-10-03","dayofmonth":"3","dayofweek":"3","dayofyear":"276","month":"10","week":"40","year":"2023","week_part":"2023-40"}
{"date":"2023-10-04","dayofmonth":"4","dayofweek":"4","dayofyear":"277","month":"10","week":"40","year":"2023","week_part":"2023-40"}
{"date":"2023-10-05","dayofmonth":"5","dayofweek":"5","dayofyear":"278","month":"10","week":"40","year":"2023","week_part":"2023-40"}
{"date":"2023-10-06","dayofmonth":"6","dayofweek":"6","dayofyear":"279","month":"10","week":"40","year":"2023","week_part":"2023-40"}
{"date":"2023-10-07","dayofmonth":"7","dayofweek":"7","dayofyear":"280","month":"10","week":"40","year":"2023","week_part":"2023-40"}
{"date":"2023-10-08","dayofmonth":"8","dayofweek":"1","dayofyear":"281","month":"10","week":"41","year":"2023","week_part":"2023-41"}
{"date":"2023-10-09","dayofmonth":"9","dayofweek":"2","dayofyear":"282","month":"10","week":"41","year":"2023","week_part":"2023-41"}
{"date":"2023-10-10","dayofmonth":"10","dayofweek":"3","dayofyear":"283","month":"10","week":"41","year":"2023","week_part":"2023-41"}
{"date":"2023-10-11","dayofmonth":"11","dayofweek":"4","dayofyear":"284","month":"10","week":"41","year":"2023","week_part":"2023-41"}
{"date":"2023-10-12","dayofmonth":"12","dayofweek":"5","dayofyear":"285","month":"10","week":"41","year":"2023","week_part":"2023-41"}
{"date":"2023-10-13","dayofmonth":"13","dayofweek":"6","dayofyear":"286","month":"10","week":"41","year":"2023","week_part":"2023-41"}
{"date":"2023-10-14","dayofmonth":"14","dayofweek":"7","dayofyear":"287","month":"10","week":"41","year":"2023","week_part":"2023-41"}
{"date":"2023-10-15","dayofmonth":"15","dayofweek":"1","dayofyear":"288","month":"10","week":"42","year":"2023","week_part":"2023-42"}
{"date":"2023-10-16","dayofmonth":"16","dayofweek":"2","dayofyear":"289","month":"10","week":"42","year":"2023","week_part":"2023-42"}
{"date":"2023-10-17","dayofmonth":"17","dayofweek":"3","dayofyear":"290","month":"10","week":"42","year":"2023","week_part":"2023-42"}
{"date":"2023-10-18","dayofmonth":"18","dayofweek":"4","dayofyear":"291","month":"10","week":"42","year":"2023","week_part":"2023-42"}
{"date":"2023-10-19","dayofmonth":"19","dayofweek":"5","dayofyear":"292","month":"10","week":"42","year":"2023","week_part":"2023-42"}
{"date":"2023-10-20","dayofmonth":"20","dayofweek":"6","dayofyear":"293","month":"10","week":"42","year":"2023","week_part":"2023-42"}
{"date":"2023-10-21","dayofmonth":"21","dayofweek":"7","dayofyear":"294","month":"10","week":"42","year":"2023","week_part":"2023-42"}
{"date":"2023-10-22","dayofmonth":"22","dayofweek":"1","dayofyear":"295","month":"10","week":"43","year":"2023","week_part":"2023-43"}
{"date":"2023-10-23","dayofmonth":"23","dayofweek":"2","dayofyear":"296","month":"10","week":"43","year":"2023","week_part":"2023-43"}
{"date":"2023-10-24","dayofmonth":"24","dayofweek":"3","dayofyear":"297","month":"10","week":"43","year":"2023","week_part":"2023-43"}
{"date":"2023-10-25","dayofmonth":"25","dayofweek":"4","dayofyear":"298","month":"10","week":"43","year":"2023","week_part":"2023-43"}
{"date":"2023-10-26","dayofmonth":"26","dayofweek":"5","dayofyear":"299","month":"10","week":"43","year":"2023","week_part":"2023-43"}
{"date":"2023-10-27","dayofmonth":"27","dayofweek":"6","dayofyear":"300","month":"10","week":"43","year":"2023","week_part":"2023-43"}
{"date":"2023-10-28","dayofmonth":"28","dayofweek":"7","dayofyear":"301","month":"10","week":"43","year":"2023","week_part":"2023-43"}
{"date":"2023-10-29","dayofmonth":"29","dayofweek":"1","dayofyear":"302","month":"10","week":"44","year":"2023","week_part":"2023-44"}
{"date":"2023-10-30","dayofmonth":"30","dayofweek":"2","dayofyear":"303","month":"10","week":"44","year":"2023","week_part":"2023-44"}
{"date":"2023-10-31","dayofmonth":"31","dayofweek":"3","dayofyear":"304","month":"10","week":"44","year":"2023","week_part":"2023-44"}
{"date":"2023-11-01","dayofmonth":"1","dayofweek":"4","dayofyear":"305","month":"11","week":"44","year":"2023","week_part":"2023-44"}
{"date":"2023-11-02","dayofmonth":"2","dayofweek":"5","dayofyear":"306","month":"11","week":"44","year":"2023","week_part":"2023-44"}
{"date":"2023-11-03","dayofmonth":"3","dayofweek":"6","dayofyear":"307","month":"11","week":"44","year":"2023","week_part":"2023-44"}
{"date":"2023-11-04","dayofmonth":"4","dayofweek":"7","dayofyear":"308","month":"11","week":"44","year":"2023","week_part":"2023-44"}
{"date":"2023-11-05","dayofmonth":"5","dayofweek":"1","dayofyear":"309","month":"11","week":"45","year":"2023","week_part":"2023-45"}
{"date":"2023-11-06","dayofmonth":"6","dayofweek":"2","dayofyear":"310","month":"11","week":"45","year":"2023","week_part":"2023-45"}
{"date":"2023-11-07","dayofmonth":"7","dayofweek":"3","dayofyear":"311","month":"11","week":"45","year":"2023","week_part":"2023-45"}
{"date":"2023-11-08","dayofmonth":"8","dayofweek":"4","dayofyear":"312","month":"11","week":"45","year":"2023","week_part":"2023-45"}
{"date":"2023-11-09","dayofmonth":"9","dayofweek":"5","dayofyear":"313","month":"11","week":"45","year":"2023","week_part":"2023-45"}
{"date":"2023-11-10","dayofmonth":"10","dayofweek":"6","dayofyear":"314","month":"11","week":"45","year":"2023","week_part":"2023-45"}
{"date":"2023-11-11","dayofmonth":"11","dayofweek":"7","dayofyear":"315","month":"11","week":"45","year":"2023","week_part":"2023-45"}
{"date":"2023-11-12","dayofmonth":"12","dayofweek":"1","dayofyear":"316","month":"11","week":"46","year":"2023","week_part":"2023-46"}
{"date":"2023-11-13","dayofmonth":"13","dayofweek":"2","dayofyear":"317","month":"11","week":"46","year":"2023","week_part":"2023-46"}
{"date":"2023-11-14","dayofmonth":"14","dayofweek":"3","dayofyear":"318","month":"11","week":"46","year":"2023","week_part":"2023-46"}
{"date":"2023-11-15","dayofmonth":"15","dayofweek":"4","dayofyear":"319","month":"11","week":"46","year":"2023","week_part":"2023-46"}
{"date":"2023-11-16","dayofmonth":"16","dayofweek":"5","dayofyear":"320","month":"11","week":"46","year":"2023","week_part":"2023-46"}
{"date":"2023-11-17","dayofmonth":"17","dayofweek":"6","dayofyear":"321","month":"11","week":"46","year":"2023","week_part":"2023-46"}
{"date":"2023-11-18","dayofmonth":"18","dayofweek":"7","dayofyear":"322","month":"11","week":"46","year":"2023","week_part":"2023-46"}
{"date":"2023-11-19","dayofmonth":"19","dayofweek":"1","dayofyear":"323","month":"11","week":"47","year":"2023","week_part":"2023-47"}
{"date":"2023-11-20","dayofmonth":"20","dayofweek":"2","dayofyear":"324","month":"11","week":"47","year":"2023","week_part":"2023-47"}
{"date":"2023-11-21","dayofmonth":"21","dayofweek":"3","dayofyear":"325","month":"11","week":"47","year":"2023","week_part":"2023-47"}
{"date":"2023-11-22","dayofmonth":"22","dayofweek":"4","dayofyear":"326","month":"11","week":"47","year":"2023","week_part":"2023-47"}
{"date":"2023-11-23","dayofmonth":"23","dayofweek":"5","dayofyear":"327","month":"11","week":"47","year":"2023","week_part":"2023-47"}
{"date":"2023-11-24","dayofmonth":"24","dayofweek":"6","dayofyear":"328","month":"11","week":"47","year":"2023","week_part":"2023-47"}
{"date":"2023-11-25","dayofmonth":"25","dayofweek":"7","dayofyear":"329","month":"11","week":"47","year":"2023","week_part":"2023-47"}
{"date":"2023-11-26","dayofmonth":"26","dayofweek":"1","dayofyear":"330","month":"11","week":"48","year":"2023","week_part":"2023-48"}
{"date":"2023-11-27","dayofmonth":"27","dayofweek":"2","dayofyear":"331","month":"11","week":"48","year":"2023","week_part":"2023-48"}
{"date":"2023-11-28","dayofmonth":"28","dayofweek":"3","dayofyear":"332","month":"11","week":"48","year":"2023","week_part":"2023-48"}
{"date":"2023-11-29","dayofmonth":"29","dayofweek":"4","dayofyear":"333","month":"11","week":"48","year":"2023","week_part":"2023-48"}
{"date":"2023-11-30","dayofmonth":"30","dayofweek":"5","dayofyear":"334","month":"11","week":"48","year":"2023","week_part":"2023-48"}
{"date":"2023-12-01","dayofmonth":"1","dayofweek":"6","dayofyear":"335","month":"12","week":"48","year":"2023","week_part":"2023-48"}
{"date":"2023-12-02","dayofmonth":"2","dayofweek":"7","dayofyear":"336","month":"12","week":"48","year":"2023","week_part":"2023-48"}
{"date":"2023-12-03","dayofmonth":"3","dayofweek":"1","dayofyear":"337","month":"12","week":"49","year":"2023","week_part":"2023-49"}
{"date":"2023-12-04","dayofmonth":"4","dayofweek":"2","dayofyear":"338","month":"12","week":"49","year":"2023","week_part":"2023-49"}
{"date":"2023-12-05","dayofmonth":"5","dayofweek":"3","dayofyear":"339","month":"12","week":"49","year":"2023","week_part":"2023-49"}
{"date":"2023-12-06","dayofmonth":"6","dayofweek":"4","dayofyear":"340","month":"12","week":"49","year":"2023","week_part":"2023-49"}
{"date":"2023-12-07","dayofmonth":"7","dayofweek":"5","dayofyear":"341","month":"12","week":"49","year":"2023","week_part":"2023-49"}
{"date":"2023-12-08","dayofmonth":"8","dayofweek":"6","dayofyear":"342","month":"12","week":"49","year":"2023","week_part":"2023-49"}
{"date":"2023-12-09","dayofmonth":"9","dayofweek":"7","dayofyear":"343","month":"12","week":"49","year":"2023","week_part":"2023-49"}
{"date":"2023-12-10","dayofmonth":"10","dayofweek":"1","dayofyear":"344","month":"12","week":"50","year":"2023","week_part":"2023-50"}
{"date":"2023-12-11","dayofmonth":"11","dayofweek":"2","dayofyear":"345","month":"12","week":"50","year":"2023","week_part":"2023-50"}
{"date":"2023-12-12","dayofmonth":"12","dayofweek":"3","dayofyear":"346","month":"12","week":"50","year":"2023","week_part":"2023-50"}
{"date":"2023-12-13","dayofmonth":"13","dayofweek":"4","dayofyear":"347","month":"12","week":"50","year":"2023","week_part":"2023-50"}
{"date":"2023-12-14","dayofmonth":"14","dayofweek":"5","dayofyear":"348","month":"12","week":"50","year":"2023","week_part":"2023-50"}
{"date":"2023-12-15","dayofmonth":"15","dayofweek":"6","dayofyear":"349","month":"12","week":"50","year":"2023","week_part":"2023-50"}
{"date":"2023-12-16","dayofmonth":"16","dayofweek":"7","dayofyear":"350","month":"12","week":"50","year":"2023","week_part":"2023-50"}
{"date":"2023-12-17","dayofmonth":"17","dayofweek":"1","dayofyear":"351","month":"12","week":"51","year":"2023","week_part":"2023-51"}
{"date":"2023-12-18","dayofmonth":"18","dayofweek":"2","dayofyear":"352","month":"12","week":"51","year":"2023","week_part":"2023-51"}
{"date":"2023-12-19","dayofmonth":"19","dayofweek":"3","dayofyear":"353","month":"12","week":"51","year":"2023","week_part":"2023-51"}
{"date":"2023-12-20","dayofmonth":"20","dayofweek":"4","dayofyear":"354","month":"12","week":"51","year":"2023","week_part":"2023-51"}
{"date":"2023-12-21","dayofmonth":"21","dayofweek":"5","dayofyear":"355","month":"12","week":"51","year":"2023","week_part":"2023-51"}
{"date":"2023-12-22","dayofmonth":"22","dayofweek":"6","dayofyear":"356","month":"12","week":"51","year":"2023","week_part":"2023-51"}
{"date":"2023-12-23","dayofmonth":"23","dayofweek":"7","dayofyear":"357","month":"12","week":"51","year":"2023","week_part":"2023-51"}
{"date":"2023-12-24","dayofmonth":"24","dayofweek":"1","dayofyear":"358","month":"12","week":"52","year":"2023","week_part":"2023-52"}
{"date":"2023-12-25","dayofmonth":"25","dayofweek":"2","dayofyear":"359","month":"12","week":"52","year":"2023","week_part":"2023-52"}
{"date":"2023-12-26","dayofmonth":"26","dayofweek":"3","dayofyear":"360","month":"12","week":"52","year":"2023","week_part":"2023-52"}
{"date":"2023-12-27","dayofmonth":"27","dayofweek":"4","dayofyear":"361","month":"12","week":"52","year":"2023","week_part":"2023-52"}
{"date":"2023-12-28","dayofmonth":"28","dayofweek":"5","dayofyear":"362","month":"12","week":"52","year":"2023","week_part":"2023-52"}
{"date":"2023-12-29","dayofmonth":"29","dayofweek":"6","dayofyear":"363","month":"12","week":"52","year":"2023","week_part":"2023-52"}
{"date":"2023-12-30","dayofmonth":"30","dayofweek":"7","dayofyear":"364","month":"12","week":"52","year":"2023","week_part":"2023-52"}
{"date":"2023-12-31","dayofmonth":"31","dayofweek":"1","dayofyear":"365","month":"12","week":"53","year":"2023","week_part":"2023-53"}
